Crypto summer,4
FTCâ€™s appeal,4
Antitrust-a-palooza,4
Private equity (Taylor's version),4
Social media double-dip,4
Explosive decision,4
VC dog days,4
Trump card,4
As FTX turns,4
â¬‡ï¸â¬‡ï¸â¬‡ï¸,4
Missile money,4
AI acquisitions,4
IPOs are back,4
Perennial VC,4
Jordan's IRR,4
Blue Owl howl,4
Fast-casual creator,4
BlackRock Bitcoin,4
"""AI hucksters""",4
Trump's Truth,4
LP positivity,4
ğŸ• Pizza unicorn burned,4
Not about Trump,4
VCs â¤ï¸ RFK Jr.,4
Double bogey,4
Sequoia split,4
China capital,4
Slack scores at SCOTUS,4
Queen for a deal,4
Anti-woke SPAC,4
Sigh of relief,4
California divestment,4
SVB layoffs,4
Spotlight shift,4
Meta sells Giphy,4
Airline antitrust,4
"Jordan, out",4
Burning bed,4
Senate vs. SVB,4
Live longer,4
Vice bust,4
BFD notebook,4
Marcie in the middle,4
SBF book,4
Smarter guns,4
Bankruptcy boom?,4
IPO redux,4
Bank on it,4
AI apprentice,4
Deal doldrums,4
Dominion's story,4
Fundraising squeeze,4
Conscious uncoupling,4
It's not over,4
AI era,4
Blue light specials,4
Miami migration,4
SVB BAU,4
Dominionated,4
Ceiling signals,4
Hero time,4
King Harris,4
Guilty Outcome,4
VC keeps flowing,4
Golden merger,4
Uber's next spinoff,4
Substacked,4
Banking relationships,4
PE porn plan,4
BFD by the Bay,4
MergerMania,4
"""Basketball"" merger",4
Dementia dollars,4
Deal doldrums,4
Supervisor showdown,4
SVB's buyer,4
TikTok's future,4
Banker run,4
Fed in focus,4
SVB scapegoats,4
Banking bedlam,4
Private equity porn,4
It's not over,4
VC+PE+SVB,4
Postmortem,4
Chaos capitalism,4
Burning bank,4
Leon's loss,4
Leveraged loan lawsuit,4
Weighty deals,4
Battlefield AI,4
Back to the Future,4
Lee's future,4
ESG loses LPs,4
Gametime decision,4
Inside Ozy,4
"Oh no, Do",4
One year later,4
AI VC,4
Climate tech heats up,4
Game time,4
New normal,4
Unsafe harbor,4
Energy transition,4
Oh my jobs!,4
Stripe story,4
Subway's breadcrumbs,4
Talc TKO,4
TikTok under siege,4
VC value,4
Fee change,4
Bank of Bieber,4
Elon testifies,4
The upside of the downside,4
Playing games,4
Secondaries surge,4
Dr. ChatGPT,4
Here we go again,4
Unicorn tears,4
Biden's investment injunction,4
Noncompete consequences,4
VC liability,4
Back to work,4
Microsoft AI,4
Drug-resistant dollars,4
PE book report,4
Untaxed SPACs,4
What we missed,4
Slam dunk,4
Reader predictions,4
Owning Twitter,4
GOP vs. ESG,4
IPO winter,4
LP limits,4
Slammer Sammy,4
AI VC,4
Microsoft's new game,4
Masa takes control,4
FTX clawback risk,4
What LPs want,4
Arresting Sam,4
Tax fraud epilogue,4
Powell's answer,4
Disney's world,4
Supermarket subcommittee,4
Giving thanks,4
Buckeye bucks,4
Honor code,4
Judgment day,4
FTX facepalm,4
Bloody justice,4
Blame game,4
SBF's bankroll,4
The call,4
"No bank, man",4
Elon's exceptionalism,4
Peloton founder's next ride,4
New rules,4
Private equity politics,4
Food fight,4
Saudi situation,4
Board barrage,4
It's over,4
Everything's changed,4
BFD day!,4
Speaker SPAC,4
Amazon gets lei'd,4
Elon closes in,4
Wheels on the bus,4
Meta sale,4
Generation gap,4
Senator VC,4
Supermarket sweep,4
Inflation nation,4
"No leverage, no problem",4
Senior spotlight,4
Cannabis capitalism,4
Soccer SPAC,4
Elon caves,4
TV Guide survives,4
SBF's breakup with Elon,4
ğŸ”»Q3 crater,4
Fundraising racism,4
BFD hits NYC,4
Elon's revenge,4
Debt bomb,4
Marky mark and the VC bunch,4
Tom Barrack on trial,4
Nordstrom's poison pill,4
Who's afraid of Joe Biden?,4
LinkedIn Mafia,4
ByteDance buys back,4
SPAC tax,4
Reclaiming ESG,4
Twitter Tuesday,4
Josh Harris' next act,4
Biden Ventures?,4
ğŸ¥Š BlackRock brawl,4
The warehouse differentiator,4
The ugly Truth,4
It's almost over,4
SeatGeek post-SPAC,4
Bed Bath & Bonds,4
Elon tries again,4
Jay-walking,4
Succession,4
Texas boycott,4
Angelic auction,4
Twitter's little birdie,4
PE's close shave,4
Breaking news,4
Carry on,4
Carry complications,4
Crypto VC optimism,4
BuzzFeed goes to court,4
An antitrust dream deferred,4
Black Thought VC,4
Taking on Google,4
Twitter tort takeaways,4
Space race slows,4
Twitter's biggest losers,4
Elon's Twitter meltdown,4
Sunny sets,4
Wait 'til next year,4
Bolt strikes a settlement,4
President Youngkin?,4
Crypto cataclysm,4
ğŸ¦’ Toy story,4
Air battle,4
Private equity's abortion choice,4
Zendesk blew it,4
Smoke 'em if you got 'em,4
The big repricing,4
OnlyFans CEO's next act,4
Elon phones it in,4
The upside of down-rounds,4
"""Reverse CFIUS""",4
Crypto contagion,4
Look out below,4
Uh-oh Canada,4
Lina Khan's power play,4
Aim for the middle,4
Elon gets an ally,4
Solar floodgates,4
What SPACs missed,4
Sin is in,4
Warren smacks SPACs,4
Baby formula sales,4
Gun money,4
Time to Bolt,4
Crypto crown,4
VC-backed marriage hacks,4
PE's fundraising flux,4
 âš½ğŸ’°âš½,4
PE antitrust alert,4
Down-round horizon,4
As Twitter turns,4
New math,4
Elon's clown car,4
Smart firearm funding,4
Look out below,4
Grindr finds a match,4
This is not a redux,4
VCs v. Roe v. Wade,4
Elon finds friends,4
The Bobs Ventures,4
Buffett's big bet,4
Startup softening,4
Bolt gets bit,4
Rumble in SPAC-land,4
Little birdies say...,4
Vance's VC visa history,4
Plaid co-founder goes VC-free,4
Steve Young's RIA game,4
Kicking Twitter's tires,4
Why Formation folded,4
Elon's Fail Whale,4
Funding secured?,4
Accomplice's last ride,4
The next JOBS Act,4
Elon deletes his board seat,4
Thiel vs Buffett,4
"So big, so alone",4
Falling Fast,4
Sequoia shakeup,4
Number cruncher earthquake,4
First Numbers,4
SPACs attacked,4
Biden blocks big,4
An old-fashioned LBO,4
Wealth tax revival,4
It's always Sunny in San Jose,4
Reverse crossover investors,4
Digital gold rush,4
Russian subs (and donuts),4
China's IPO reversal,4
Gaming out Chelsea,4
Zombie unicorns,4
The next global PE giant,4
Back to the future,4
"The best $1,000 you'll ever spend",4
TikTok saga nears its end,4
The great slowdown,4
Elon backtracks,4
SEC slaps VC firm over fees,4
"Buffett in, Icahn out",4
Crypto's moment of truth,4
What's inside ESG?,4
Trump's Truth Bomb,4
What about Yuri?,4
Exiting Russia,4
Crypto's floating utility,4
Sequoia's next move,4
The mob is right,4
Super Bowl or bust,4
The next big IPO test,4
An industry divided,4
The heat is (still) on,4
Private equity disclosure,4
SPAC silliness,4
SPAC globalization,4
Private equity sustainability,4
Sun of a steal,4
The NFL's time for change,4
"Bolt battles ""the mob""",4
Private equity's no-lose scenario,4
Marcelo and Masa break up,4
The new PE transparency push,4
It gets not Better,4
Peloton acquirer leaderboard,4
Days of Our Private Equity Lives,4
Time to call it,4
Jared's private equity plan,4
Antitrust all over the place,4
Inside the instant delivery numbers,4
It's Marc Benioff's TIME,4
TPG in the spotlight,4
The battle to ban lawmaker stock trades,4
The big unveil,4
Eli Manning's next play,4
Assigning bankruptcy blame,4
ğŸ‰ Tending to the dragons,4
Web3 food fight,4
What a prick,4
Biden's antitrust beef,4
The year ahead,4
Peak M&A,4
Senator Joe for the status quo,4
Will J&J pay?,4
The SEC clears its throat,4
Stock transfer agents in the spotlight,4
LPs speak out on employee equity,4
BuzzFeed brouhaha,4
The retail LBO model is dying,4
Ex-FDA chief becomes VC-backed CEO,4
Trump's SPAC silence,4
Apollo looks to unload,4
BuzzFeed SPAC doesn't get clicks,4
Holiday season SPAC-tacular,4
Lowercarbon's next climate play,4
Jack deletes his account,4
Private equity's biggest Ponzi scheme,4
Thank you,4
Elliott wins the Athenahealth war,4
The supply chain crisis up-close,4
Gary Gensler emboldens the activists,4
Trump vs. SPACs,4
Crypto scores over retail,4
Sputtering SPAC makes a stand,4
Antitrusting,4
Rivian's ROI ructions,4
A mess in the making,4
Little trouble in big China,4
Private equity's next oil play,4
Flagship's next big biotech bet,4
The IPO universe expands,4
Private equity's next governor,4
The unicorn orphanage,4
"Hank Morris, the musical",4
Bolt is (already) back,4
"Well, that didn't last long",4
Wyden's wealth tax,4
Sequoia Capital's radical reimagining,4
A crypto-dragon in the Caribbean,4
"Think global, invest local",4
Democrats vs. Private Equity (Round 2),4
Trump SPAC,4
"Revenge of the ""endowment model""",4
LeBron's big deal,4
Private equity takes the field,4
"Vax for PE, but not for thee",4
"Succession, KKR style",4
VC's destroy the record book,4
Ozy's other problem,4
Icahn's next pipeline play,4
Terry McAuliffe's claim about Carlyle,4
Of delusion and digital media,4
The Wizard of Ozy,4
A record-shattering year,4
OZY loses an early investor,4
All about the boards,4
What comes next in Germany,4
The Great VC Resignation,4
A taxing proposal,4
Gambling on future growth,4
"What, IPOs worry?",4
Gen Z comes for VC,4
All politics is business,4
Mailchimp CEO talks bootstrapping,4
Gary Gensler gives a SPAC signal,4
Silicon Valley's new tax test,4
Theranos investors on trial,4
The lonely bootstrappers,4
Tom Steyer wants to galvanize billions,4
Train talk,4
Back on the bikes!,4
CEO crickets in Texas,4
SPAC sadness,4
The next corporate benefit,4
Winter is coming,4
China takes aim at private funds,4
Leaving Afghanistan,4
VC-backed fraud,4
Tax hikes remain elusive,4
From private to public to private again,4
Price discipline is passÃ©,4
"Well, that was unexpected",4
When sex doesn't sell,4
"The ""no longer acceptable"" startup",4
Refugee story,4
"""The climate is fâ€™d""",4
SEC clamps down on Chinese IPOs,4
Mental health deal boom,4
Banker responsibility,4
Shifting the VC balance of power,4
Hot trustbuster summer,4
Infrastructure tailwinds,4
Spying for dollars,4
Tom Barrack's fall from grace,4
Leon Black responds,4
Bowling for dollars,4
"""Toxic money""",4
McAuliffe vs. private equity vs. McAuliffe,4
Space SPACdown,4
For profit and consequence,4
Inside trading out,4
"Joe Biden, trustbuster",4
The deal deluge,4
Of space race and consequence,4
Who's the (China) boss?,4
Robinhood rebound,4
Record-smashing deal numbers,4
"Teneo, advise thyself",4
"Facebook fought the law, and Facebook won",4
IPO fireworks,4
Biden's tax-free deal,4
The crypto kings,4
Mobile gaming gold rush,4
Blackstone comes back home,4
Kale unicorn heads for IPO,4
The enduring wealth gap,4
Immigration's role in America's labor shortage,4
Oh Lordstown,4
Naftali Bennett's VC-backed pedigree,4
VC tax magic,4
All about inflation,4
Northvolt gets a $2.75 billion charge,4
Katerra collapses,4
"All that glitters may not be ""Golden""",4
Ackman moves from SPACs to SPARCs,4
Looking out on the VC horizon,4
Leon Black gets accused,4
Cloud unicorn returns to private pastures,4
Biden's tax plan goes back to the future,4
Mnuchin on the PPP's legacy,4
Everyone's going public*,4
America's small business comeback,4
Tracking the train trip,4
DC vs. VC,4
Apollo's big shakeup is complete,4
What's in a name?,4
AT&T changes its mind,4
Sellers earn their keep,4
Pennsylvania's performance problem,4
When one unicorn horn is enough,4
Private equity's next candidate,4
Box in a box,4
Private equity's big deal,4
Remembering David Swensen,4
Wall Street gets Honest,4
Tiger roars again,4
Apollo is buying Yahoo,4
Unicorns let it all hang out,4
Pitching Trump,4
A new challenge for SPACs,4
Let's go to the movies,4
Wall Street gets psychedelic,4
Taxes and more taxes,4
Private equity's other tax fight,4
Judge puts SPACdown on Sixth Street,4
Antitrust takes center stage,4
Gooooaaaallll!,4
LP floodgates are open,4
The next VC candidate,4
Crypto goes Wall Street,4
J&J news jabs at economic glidepath,4
"""A stand of defiance""",4
Grab gets ready,4
KKR puts itself in a Box,4
"Dimon asks for ""level playing field""",4
All eyes on Amazon vote,4
Knotel drama turns bitter,4
Q1 was a record-smasher,4
Harry's does more than scrape by,4
Biden punts on capital gains,4
Andreessen Horowitz's media moment,4
Manufacturing may get executive time,4
Celebrity SPAC,4
All deal eyes on D.C.,4
Diving deeper into Dispo,4
Spark burns down its own deal,4
Leon Black exits his position,4
SPAC stoppage,4
Teachers take private equity to school,4
LeBron's BFD,4
VC is still a boys club,4
Size doesn't matter,4
Slowing the SPAC boom,4
Buyout firm finds $$ in the sofa cushions,4
Biden's warning shot to Silicon Valley,4
Infrastructure Redux,4
Ripple and the future of crypto,4
Retail's back to the future,4
Keep calm and SPAC on,4
Bootstrapped bust and boom,4
The Saudi situation is over,4
Private equity's venture capital problem,4
AT&T cuts the cord,4
Coinbase makes it public,4
Joby takes off via SPAC â€” 1 ğŸ· Thing  â€” Victoria's Secret for sale (again),4
WeWork settlement â€” Largest SPAC deal â€” So much VC news,4
Dyal deal â€” Tire megamerger â€” PPP changes,4
We learned something â€” Watson clues â€” VC LPs OK with SPACs,4
GameStop's private market consequences â€”  ğŸš€ ğŸ’° â€” Crafty IPOs,4
SPACtacular lawsuit â€” Moncef Slaoui startup â€” Coupang IPO,4
SPAC wealth â€” TikTok talks on break â€” Bumble's big date,4
Bill McGlashan's deals â€” Kaep SPAC â€” Match makes a match,4
The new biotechs â€” Reddit raise â€” Airline IPO,4
Inside Parler â€” France fight â€” Bumble goes bigger,4
Dry powder mountain â€” Kuaishou IPO â€” Jobs Friday,4
Antitrust momentum â€” Sana soars â€” Branson SPAC snares 23andMe,4
Mike Calvey on trial â€” 1 ğŸ¥œ thing â€” Trumpy SPAC,4
Robinhood investor confidence â€” Uber drinks up â€” Bumble goes big,4
Private equity strawmen â€” Jet-setting SPAC â€” Theo Epstein's new job,4
Robinhood misses the mark â€” Roblox reschedules â€” Coinbase goes direct,4
All the non-GameStop news that's fit to print,4
Gov. SPAC â€” Ant eyes an exit â€” ğŸš€ğŸš€ ğŸ’° ğŸ’°,4
The Leon Black ğŸ•’ strikes midnight,4
So. Many. SPACs.,4
Private equity optimism â€” Vaping IPO â€” Another EV SPAC deal,4
VC-backed vaccinations â€” Rapid recap â€” Piledriver SPAC,4
Antitrust evolution â€” Staples gets an offer â€” Trump's stock scorecard,4
TikTok clock â€” Bumble IPO â€” Housenbold leaving SoftBank,4
A path for Black VCs â€” French food fight â€” So many SPACs,4
VC's record-smashing year â€” Petco IPO â€” Grab Financial $$,4
Behind the Visa-Plaid breakup,4
Crypto equities â€” Silver Lake eyes rugby icon â€” LBO multiples math,4
Thiel's Trumpism â€” 1  ğŸš½ thing â€” Staples tries again,4
PPP opening plans â€” SoFi SPAC â€” LeBron's dream deal,4
What happens now,4
Keep on dealinâ€™ in the free world,4
PPP 3 â€” Brazil's big bet â€” The IPO gender gap,4
The sunny side of SPACs â€” Tribune play â€” Private equity's record 2020,4
Looking back and ahead â€” Driven IPO â€” Deal or no deal?,4
"Ripple rumble â€” Bond, James Bond, on the block â€” So many SPACs",4
Stimulus at long last â€” ğŸš€ğŸ’°ğŸš€ğŸ’° â€” SoftBank SPAC,4
SolarWinds sales â€” Poshmark IPO â€” Axios does a deal!,4
IPO TV â€” SEC sues Robinhood â€” Bitcoin mania,4
Sequoia got it right â€” 1 big ğŸŒ² thing â€” Wish goes public,4
PPP redux â€” Blade flies into SPAC â€” Carve-out highs,4
IPO pause â€” Vista buying Pluralsight â€” ğŸ™ğŸš´ğŸ™ğŸš´,4
Let's ride â€” ByteDance deal â€” SPACplosion,4
IPO roadshow RIP â€” Airbnb takes the plunge â€” Pot SPAC,4
Let's ride again â€” DoorDash IPO â€” Platinum buying Ingram Micro,4
Private equity's new big name â€” Calm $$$ â€” Uber sells self-driving unit,4
Deal destruction â€” Airbnb ups IPO terms â€” WebEx win,4
Bad Cheesecake â€” AMC's last stand â€” Jobs Friday,4
Price discipline lost â€” Uber deals â€” Dyal eyes SPAC sale,4
Visa's defense â€” SlackForce â€” Roblox's pre-IPO deal,4
Unorthodox VC â€” Airbnb IPO terms â€” Baseball card $$,4
Unicorn stampede â€” Vista makes it official â€” Remembering Tony Hsieh,4
Book battle â€” Stripe goes big â€” Jay-Z SPAC,4
Vaccine talk â€” 1 ğŸŒ¶ï¸ thing â€” BlackRock buys Aperio,4
COVID economy â€” Schwarzman on Trump â€” Taco truck,4
Defending Robert Smith â€” Roblox and Wish IPOs â€” Treasury vs. Fed,4
Inexcusable economics â€” Affirm IPO â€” Liberty Media SPAC,4
Startup saviors â€” ESG deprioritized â€” Mental health math,4
Private equity election â€” Shamrock shakes it off â€” Airbnb IPO,4
Don't sleep on Airbnb IPO,4
"DoorDash IPO â€” 1 ğŸ¸ Thing â€” A long, cold winter",4
TikTok clock â€” Sternlicht SPAC â€” So. Many. Deals.,4
IPO home stretch â€” PE circles Reebok â€” Paysafe to the exits,4
Visa gets declined â€” TikTok rival files for IPO â€” October jobs report,4
Stock market babies â€”  ğŸº+ğŸŒ²=ğŸ’° â€” Merck pays big for VelosBio,4
Jack Ma kicks the Anthill â€” Crown kicks the can â€” Everyone kicks the pollsters,4
The new normal â€” Ant IPO suspended â€” REEF parks $1 billion,4
New PPP scrutiny â€” Astound swaps sponsors â€” Dunkin' does its deal,4
IPOs keep booming â€” Ares eyes AMP â€” Francisco buys MyFitnessPal,4
"""Use whatever excuse""",4
Joe Biden's PE plan â€” Honor adds $140 million â€” Private equity stocks,4
COVID VC â€” AMD buying Xilinx â€” Sands looks to lose Las Vegas,4
Private equity power play â€” 1 ğŸ© Thing â€” Bayer buying AskBio,4
Update-a-palooza â€” Pet store split â€” Another big shale deal,4
Quibi RIP â€” McAfee IPO â€” Private equity compensation,4
Vista updates â€” KKR takes an RV ride â€” SPAC circus,4
SPAC crack â€” Intel sells memory unit â€” Shale consolidation,4
Fitbit waits â€” Alibaba's supermarket sweep â€” Year's largest shale deal,4
Vista turmoil â€” Uber's next deal â€” Thiel SPAC prices,4
Stalled stimulus â€” Robert Smith settles â€” Adam Neumann's return,4
DOJ vs. Google â€” BlackRock backs Arrival â€” The next big shale play,4
458 days later â€” Cold storage consolidation â€” SoftBank SPAC,4
Red Sox SPAC â€” Twilio tie-up â€” Blackstone vets form funds,4
Gig economy on the ballot â€” Morgan Stanley buying Eaton Vance â€” Instacart keeps raising,4
Full-stack VC â€” Ruby Tuesday bankruptcy â€” IPOs > S&P 500,4
Chamath's next bet â€” Connected fitness cash â€” Root files for IPO,4
Private equity politics â€” Drug megamerger â€” So many SPAC,4
Chaos capitalism â€” Roblox gets ready â€” Uber's new funding round,4
"Corporations are people, my friend",4
M&A surge â€” Palantir prep â€” Providence Equity succession plan,4
TikTok gets a win â€” 1 big ğŸ›¢ï¸ thing â€” Betting on William Hill,4
TikTok talks â€” Apollo may bet on William Hill â€” GOAT growth,4
Election outcomes â€” Thiel SPAC â€” WeWork outsources China,4
SPAC attack â€” GoodRx has very healthy IPO â€” KKR buys 1-800 Contacts,4
"IPO feeding frenzy â€” TikTok ""deal"" â€” Microsoft levels up",4
TikTok clock strikes midnight â€” Court okays GNC deal â€” Unity prices IPO,4
IPO party like it's 1999,4
TikTok's future with Oracle â€” KKR backs Zwift â€” IPO blizzard,4
Opendoor picks SPAC â€” The new Mr. Met â€” Volcker Rule changes,4
TikTokopedia â€” SoftBank sells Arm â€” Snowflake rockets IPO range,4
D.C. disaster â€” Unity's IPO wrinkle â€” 19 years later,4
Tiffany heads to court â€” JCPenney rescue plan â€” Starboard SPAC prices IPO,4
Zocdoc drama â€” Buffett goes sledding â€” LVMH won't put a ring on it,4
TikTok shutdown prep â€” Private equity SPAC situation â€” Bullhorn swaps sponsors,4
Merger rules refresh â€” Mnuchin SPAC â€” Louis Dreyfus talks sale,4
Xfund marks the spot â€” 1 ğŸš‚ thing â€” Airbnb answers Ackman,4
The TikTok clock â€” Skillz goes SPAC â€” Michael Jordan's new job,4
DoorDash CEO interview â€” TPG unbundles â€” Laird Hamilton IPO,4
Pension problems â€” CD&R snares Epicor â€” Reid Hoffman SPAC,4
TikTokapolooza â€” Blackstone's home rental return â€” Swimming IPO,4
The perfect IPO â€” TikTok shakeup â€” Warby's new round,4
VC diversity riders â€” Desktop Metal signs SPAC â€” Palantir gets direct,4
Ant gets readyâ€” Unity revs IPO engine â€” Lyra Health adds $110 million,4
Trump's econ promises â€” Thiel-backed SPAC deal â€” Visma adds sponsors,4
TikTok odds â€” Robert Smith's troubles â€” Paul Ryan SPAC,4
PPP shame game â€” Airbnb IPO â€” 3D printed homes,4
SPAC evolution â€” GV layoffs â€” SpaceX adds $1.9 billion,4
Crypto conflict â€” Deadpool deal â€” Starboard SPAC,4
Political influence â€” Sanofi's big buy â€” Another fracking fail,4
TikTok Rorschach test â€” Elllie Mae flipped â€” Jobs growth slows,4
The new buyout barons â€” Rocket IPO fizzles â€” Another âš½ sale,4
Beyond PPP â€” Remote health megamerger â€” Ancestry swaps sponsors,4
Trump's new TikTok threat â€” Navarro interview â€” Sioux Falls unicorn,4
"TikTok boom â€” Year's largest health merger â€” SPACs, SPACs and more SPACs",4
IPO storm clouds â€” SenseTime's big raise â€” Dry powder mountain,4
Facebook breakup â€” GE Ventures keeps selling â€” SPAC stuff,4
Forget the fireworks â€” Kodak USA â€” SPAC league tables,4
VC WFH â€” Moneyball SPAC â€” Remington's next bankruptcy,4
House of Carta â€” CrossFit deal â€” SPAC section,4
Venture's China fissureâ€” 1 ğŸ” thing â€” Duck Creek IPO,4
Sequoia's public disclosure â€” Speedway sale â€” Amazon's next move,4
ByteDance breakdance â€” T-Wolves on the block â€” Ack-SPAC raises $4 billion,4
VC boys club â€” Hungry Hippo â€” Gores launches new SPAC,4
The next stimulus â€” Energy mega-merger â€” eBay auction winner,4
Dividend recaps return â€” eBay preps its pick â€” Cirque du Soleil switches up,4
M&A moratorium miss â€” Shanghai's IPO moment â€” Family offices sour on PE,4
Dave Morin's next act â€” PE trial averted â€” Snake venom salesmen,4
After TikTok â€” Blackstone drinks oat milk â€” Wellspring Capital CEO takes leave,4
SPAC-tacular â€” $21 billion chip deal â€” Robinhood's new raise,4
Biden's econ plan â€” Rivian's big raise â€” Bytedance weighs its options,4
Chelsea Clinton considers VC â€” Ant Financial and Coinbase prep IPOs â€” Walgreens takes a Village,4
Movie mess â€” XFL bids â€” Rocket IPO,4
PPP disclosure debacle â€” Chinese take-privates â€” Palantir files for IPO,4
Tech vs. tech media â€” Uber buying Postmates â€” Biotech IPO parade,4
Private equity's HK decision â€” Trucking bailout â€” Andruil adds $200M,4
The future of PPP â€” Rebekah Neumann returns â€”M&A falls off a cliff,4
Big top brawl â€” Discord adds $100 million â€” Lululemon gets connected,4
RIP SAFTs â€” BP hits $15 billion target â€” Defaults on the rise,4
Weakening Volcker â€” Amazon buys Zoox â€” Albertsons prices low IPO,4
Bridging the funding gap â€” LeBron gets funded â€” Lemonade sets IPO terms,4
Antitrust whistleblower â€” Juno redux â€” Dell's decision,4
Not like a hurricane â€” Ack-SPAC â€” Amazon's new fund,4
Treasury relents on PPP data â€” Indigo Ag isn't blue â€” Biotech IPO parade,4
DoorDash gets $400 million delivery,4
Sacca returns â€” SoftBank sells down â€” Facebook/Jio gets antitrust scrutiny,4
PPP for all â€” Germany buys into biotech â€” Tear gas divestment,4
LP isolation â€” More $$$ for Jio Platforms â€” 58.com is going private,4
No PPP data for you â€” Big biobucks â€” Poland Springs on the block,4
Facebook Ventures â€” JustGrub â€” Postman delivers $150 million,4
Police union LPs â€” Macy's gets a lifeline â€” Cloudera on the block,4
Airbnb IPO revival? â€” Mets get new suitors â€” America in recession,4
Protectionism on the rise â€” Health care megamerger â€” ğŸš²ğŸ™ğŸš²ğŸ™,4
Ready to ride â â€” HBCUs as LPs â â€” Pest control giant weighs sale,4
Ride details â€” PPP gets extended â€” Year's top tech IPO,4
Listen up â â€” Pipeline push â â€” IPOs keep coming,4
Tear gas dollars â€” Cerberus exits Steward â€” Let's ride (again),4
"Streets on fire, IPOs go on parade",4
Sock story â€” Cisco eyes major acquisition â€” Kids make rockets!,4
â Silver Lake's payment plan â€” GE divests last tie to Edison â€” Marqeta adds $150 million,4
Amazon drives toward next acquisition,4
Why it Hertz â€” 1 ğŸ¥‘ thing â€” LP liquidity,4
PPP extension limbo â€” Magical funding â€” Deal data drop,4
New gig for ex-Juul CEO â€” SelectQuote prices big IPO â€” Kids make toast faces!,4
Walmart grounds Jet â€” Luckin delisting â€” Kids make monsters!,4
Mnuchin takes a seat â€” SoftBank seeks to sell â€” Moderna capitalizes,4
Antitrust rhetoric â€” GA into Jio â€” SoftBank's big losses,4
Safe harbor â€” Airline deal frenzy â€” Another biotech IPO,4
Delaware digs in â€” J.C. Penney nears bankruptcy â€” Kids make food bugs!,4
VC's new normal â€” Uber wants Grubhub â€” Waymo bulks up,4
Reputation reversal â€” The new gold â€” PNC bails on BlackRock,4
PPP goalposts â€” Carlyle bails on Amex deal â€” Another biotech IPO,4
Small market stability â€” Zoom makes its first deal â€” Jobs disaster,4
Sports league for sale â€” British telecom megamerger â€” Kids make ice cream!,4
The coronavirus is outlasting the stimulus,4
Adam Neumann sues SoftBank â€” Pharma startup struggles â€” Textbook megamerger dies,4
Elliott targets Quibi â€” J. Crew goes bust â€” Star Wars kids!,4
VC bailouts â€” Funding Stash â€” Coty deal delay,4
Private equity's pro sports play â€” JD.com eyes Hong Kong â€” Kids make animals!,4
States can't go bankrupt â€” Hightimes buys into retail â€” Warren backs M&A moratorium,4
No PPP for you â€” Penny slots â€” Kids make pancakes!,4
M&A moratorium â€” DraftKings goes public â€” Kids go fishing!,4
Deal-breakers â€” Snap cap â€” Getty Museum challenge!,4
"PPP II, small biz boogaloo â€” PE books with Expedia â€” Kid rainbows!",4
KP Pandemic Fund's legacy â€” Envision troubles â€” Cheesecake Factory rescue,4
Startup slowdown â€” One ğŸ¬ thing â€” Legopalooza!,4
"PPP limbo â€” Verizon tries on BlueJeans â€” If you reopen, they won't come",4
PPP pot is almost empty â€” Stripe adds $600 million â€” DraftKings deal gets closer,4
The committee to reopen America â€” COVID passports â€” Tissue box monsters!,4
PPP questions â€” XFL game over â€” Kids make snacks!,4
Economic contagion â€” Toll talk â€” Why you're amazing,4
Let's ride (again) â€” One ğŸ¢ thing â€” Kid biz plans!,4
"PPP, the sequel â€” Force majeure? â€” Driveway art!",4
Staples stiffs landlords â€” SoFi processes Galileo deal â€” Kid movie theaters!,4
SoftBank gets sued â€” TGI Fridays fail â€” Kids make forts!,4
The next test â€” 1 big ğŸ· thing â€” Kids make cards!,4
Let the loans begin â€” Luckin Coffee spill â€” Kids' pizza party,4
Bipartisan beg â€” SoftBank kills WeWork tender â€” Kids make pizza!,4
No more harvest â€” Apple buys Dark Sky â€” Shale patch woes,4
M&A activity crash â€” Cerberus shame â€” We've got kid collages!,4
Instacart in focus â€” OneWeb crashes â€” Thank you!,4
Let's ride! â€” Vaccine cash dash â€” â€œChinaâ€™s Palantirâ€ adds $300 million,4
The forgotten firms â€” Marketplace merger â€” Draw your job,4
Lender of last resort â€” Kid activities! â€” Facebookâ€™s next big deal,4
VC fund size cuts? â€” Neiman Marcus on the brink â€” Zoom stock surge,4
Ron Johnson's private equity deal â€” SoftBank scramble â€” Let's ride!,4
Airbnb backup plan â€” Apollo deals with United â€” Kid haikus!,4
It's worse than 2008 â€” KKR gets trashy â€” Kid riddles,4
SoftBank's WeWork tender softens,4
Vaccine hopes â€” We've got kid jokes â€” LP sentiment,4
CEOs as America's politicians (Part 2),4
Business as unusual,4
Cyclical primacy â€” Icahn fracks Occidental â€” Leveraged loan collapse,4
Behind Sequoia's stumble â€” Pepsi buys RockStar â€” Corporate VC boom,4
The charges against Bolt â€” Insurance megamerger â€” Saving Jack,4
"Apollo's next local TV play â€” Albertsons' IPO, the sequel â€” M&A fall",4
"RIP Good Times, the sequel",4
Funding women founders â€” Big book sale â€” Kleiner Perkins' new fund,4
Robinhood is a target â€” 1 big ğŸ’“ thing â€” Still searching for yield,4
Masa meets New York â€” Waymo $$$ â€” #WeBackJack,4
Elliott vs. Jack â€” IPOs on hold â€” BMC buys Compuware,4
Sanders starts up â€” Elevator operators â€” M&A volume sinks,4
Maryland moves on carry â€” Robux â€” Walmart's plans for Asda,4
D.C. vs. CalPERS â€” Blackstone goes to school â€” CEO carousel,4
Scapegoating Sanders â€” Cash Grab â€” BTS IPO,4
Returns reversal â€” Intuit circles Credit Karma â€” SelectQuote IPO prep,4
Adam Neumann's future tense â€” Tesla prices â€” Harry's dilemma,4
Deutsche Telekom gets cold feet â€” Thoma Bravo blocked â€” McClatchy bankruptcy,4
Tech's big unwind â€” 1 ğŸ¬ thing â€” Headspace meditates on $93 million,4
Judge okays Sprint/T-Mobile â€” Brandless bust â€” SiriusXM backs SoundCloud,4
Misogyny Ventures â€” Data decacorn â€” Xerox ups offer for HP,4
Singer and Son â â€” 1 big ğŸµ thing â â€” Netskope brokers mega-round,4
Casper's sleepy IPO â€” Forescout goes private â â€” PPD prices high,4
Biotech VCs on Bernie â€” Coronavirus slows IPOs â€” SoftBank shakeup,4
Razor's edge â€” The next direct listing â€” Andreessen Horowitz's next fund,4
Merger slowdown â€” Razor burn â€” Payments consolidation,4
VC status quo â€” One big tea thing â€” Tinfoil billions,4
â Up in smoke â€” Boeing earnout â€” Sagging GDP,4
Barstool bought â€” Record PE secondaries volume,4
PE's progressive pick â€” 1 big ğŸ¸ thing â€” Unprotected debt,4
IPOs hit the road â€” Prison services spin-off â€” One big âš½ deal,4
"Goldman's IPO ""diversity"" pledge â€” Broadcom's next sale â€” Cimate tops corporate issues",4
The big hack â€” Philadelphia story â€” Serial sale,4
"""Value-add"" venture â€” WeWork divests â€” Duff & Phelps swaps sponsors",4
RIP big times? â€” Digital media rebound â€” Davos Man is worried,4
KKR's new play â€” Gap scraps Old Navy spin-off â€” Big bank bonanza,4
Elevator operators â€” 1 big flying ğŸš• thing â€” Marky Mark IPO,4
The latest on Leon â€” 1 big ğŸ¥› thing â€” PE secondaries bonanza,4
Private equity's presidential exit plan,4
Legal startup fires its lawyers â€” Biotech bucks â€” Takeaway seals Just Eat deal,4
Private equity's big milestone â€” SoulCycle vs. Peloton â€” Oscar's survival story,4
â Hillbilly VC â€” Quibi goes big on short â€” Health care IPO boom,4
Uber exits â€” Mass shooting safety tech â€”,4
The year in mergers â€” Milk bankruptcy blues â€” S&P earnings rebound?,4
"""Hurry up and wait"" â€” Blackwater bust â€” FTC kills biotech merger",4
WeWork blamed for socialism fervor â€” Ripple raise â€” Food fight near end,4
Boeing's CEO mystery â€” 1 big â˜• thing â€” Oil patch woes,4
VC party can't stop won't stop â€” Intel keeps buying â€” SEC digs into ESG,4
Slippery slopes â€” Sequoia fizzle â€” Ingredient mega-bucks,4
Luggage spill â â€” 1 big ğŸ· thing â€” Corporate debt > household debt,4
â Global deal uncertainty â€” 1 big ğŸ¦ thing â â€” WeWork casting call,4
PE deal turns into $50 million for employees â€” Peloton dollars â€” Today in SoftBank,4
Generational change â€” Wag woes â€” McAfee interested in Norton,4
Warren vs. bank mergers â€” Saks 5th Ave pothole â€” Merger Monday for cancer drugs,4
BlackRock exit â€” Lordstown revival â€” Jobs beat,4
SoftBank's fixers â€” VCs forgive Mike Cagney â€” Mr. Met,4
Senator Blockchain â€” Pittsburgh gets a unicorn â€” SoftBank's latest LatAm play,4
"Private equity's energy shift â€” Dolls Kill $$$ â€” WeWork, The Movie",4
Big tech distraction â€” E-sports IPO â€” Silver Lake names co-CEOs,4
NYSE's new direction â€” Turkey talk â€” Silver Lake scores,4
Entrepreneur election â€” Starboard sails into CVS â€” SoftBank's latest LatAm deal,4
Merger Monday returns,4
Bumblebee bust â€” Gig economy's new troubles â€” Coty preps big sale,4
Schwab wants TD Ameritrade â€” PayPal dives into Honey â€” Dems avoid PE talk,4
Congressional meh â€” Alibaba hits Hong Kong â€” Media mega-merger closes,4
"Today's ""other"" House hearing â€” Boost back â€” Peloton pedals above IPO price",4
Private equity's public pension protection,4
Taylor Swift â€” Domain deal â€” Left Lane launch,4
He's running â€” Docker shrinks â€” WeWork grows top and bottom lines,4
Food fight â€” VCs go medieval on education â€” Below-average bulls,4
Bain Capital's new candidate? â€” Alibaba readies Hong Kong float â€” Bud buys Redhook,4
What Dara said â€” Blackstone buys Bumble â€” Vet-owned companies,4
T-Mobile/Sprint price cut? â€” Cue up the Chinese IPOs â€” VC valuation fluctuation,4
Size doesn't matter â€” Nielsen splits â€” Saudis reteam with Kalanick,4
SoftBank stuff â€” Xerox bails on Japan â€” KKR raises big in Europe,4
"Gender pay gap, equity edition â€” Silver Lake eyes Knicks â€” Saudi Aramco finally begins IPO",4
Bernie's Deadspin â€” Marathon splits â€” Google buys Fitbit,4
DraftKings deal? â€” Meta VC â€” Candy spend,4
Bloom behind the scenesâ€” Auto mega-merger â€” Unicorn faire,4
Elliott's clear connection â€” Alpha-Fitbits â€” SoftBank walks Wag,4
Silicon Valley loses a legend â€” LVMH wants Tiffany â€” AT&T deals with Elliott,4
Silver linings playbook â€” Univision deal? â€” Today in Abraaj,4
Deserted â€” $6 billion food fight â€” Chinese acquirers leave North America,4
Board bungle â€” Carried interest tax irrelevance â€” Big $$ bricks,4
WeWorked â€” Howard Hughes sells small â€” Where private equity works,4
E-sports $$ boom â€” Kik-save â€” Hudson's Bay goes private,4
WeWork's deciders â â€” Debt wall â€” Telecom mega-merger clears hurdle,4
PE needs a plan â€” Guy goes grazing â€” Blackstone buys Bellagio,4
Private equity splinter â€” Barneys savior â€” M&A forecast,4
WeWork vs the market â â€” Uber's next delivery play â€” Thoma Bravo buys Sophos,4
Hollywood VC â€” Hooters does drugs â€” BoxGroup finally fundraises,4
VC future â€” E-sports spots â€” Hedge fund fail,4
Cold war calculus â€” Thomas Cook Save â€” Media startup soup,4
A complex vision â€” HK bails on LSE deal â€” One Medical preps IPO,4
Private equity's jobs record â€” Oyo's big budget â€” Less leaks,4
Investing in autocracies â â€” Bird rides big-money scooter â â€” Jobs Friday,4
IPO contagion? â€” Vice refined â€” Blackstone takes a swim,4
Getting away with murder â€” 3D-printed rockets â€” Direct listing confab,4
Liz Warren's new plan â€” PayPal buys into China â€” IPOs keep coming,4
Beyond tariffs â€” WeWork fallout â€” Blackstone buys more warehouses,4
Making sense of the IPO mess â€” Activist oils up Marathon â€” Buyout math,4
Peloton spins IPO â€” Tobacco mega-merger burns out â€” Impeachment markets,4
WeWere â€” Vox prints new deal â€” Peloton on tap,4
â WeMess â€” Fitbit takes steps â€” Biotech IPOs kick off,4
Private VC meeting on direct listings â â€” Datadog IPO â€” CEO confidence slips,4
Mom and pop problems â€” France starts up â€” CD&R eyes Axalta,4
WeWait â€” Blackstone rolls the ğŸ² â€” Aspect Ventures splits,4
Aramco attacks â€” Headache of a deal â€” Endeavor sets IPO terms,4
WeWork makes big changes â€” Self-driving seniors â€” Reid Hoffman's apology,4
Up in smoke â€” Toothy unicorn â€” SoftBank's new IPO,4
WeWork drama â€” London's big surprise â€” Rivian keeps raising,4
IPO parade plans â€” Shopify mimics Amazon robots buy â€” Undergrad startup factories,4
Elliott dials into AT&T â€” PE eyes Symantec â€” IPO parade begins,4
Cannabis startups 3.0 â€” WeWork IPO delay? â€” Jobs Friday,4
Lime in the coconut â€” CVS gets judicial prescription â€” Walmart unloads,4
NBA lottery â€” Box in a box â€” The pizza man commeth to Carlyle,4
â The fundraise that wasn't â€” IPO road-show parade â â€” EQT makes it official,4
VC's new #MeToo moment â€” Yankees get a big win â€” PE may buy a timeshare,4
Attack of the WeWork clones â€” Startup buys Lord & Taylor â€” EQT preps IPO,4
Peloton spins IPO â â€” One ğŸ“ thing â â€” Blackstone in the tall grass,4
Trade talk â€” Drug mega-deal â€” David Swensen's heir is no longer apparent,4
Peppa Pig in play â€”Leveraged loan blues â€” T-Swift stuff,4
Apollo runs the remote â€” Copter cash â€” Vista Equity vs. lenders,4
WeWork IPO issues â€” Social network for immigrants â€” Cigna signals a sale,4
Corporate America's new charge â€” Elanco bulks up â€” U.S. IPO performance,4
Root scoop â€” Juul is back in the money â€” DOJ's next antitrust target,4
Capital gateway in peril â€” SmileDirectClub IPO â€” Turkey's military saves British Steel,4
The fear that follows â€” SoftBank gets energized â€” Quant VC,4
WeSell â€” Genworth tries to solve its Canada problem â€” Media mega-merger,4
â Tumblr's fall â€” Osram deal gets competitive â€” Corporate China's debt,4
America's most-watched merger â â€” BlackRock gets sporty â â€” WeWork IPO,4
"Shasta Ventures loses a ""key"" â€” Spin spat â€” Buyback slowdown",4
Masa talks Vision â€” Snap (is) back â€” Twitter execs' next act,4
BX buys into BC â€” Ink-stained merger â€” The pain of opioids deals,4
Economic debate â â€” VCs get a big Wish â€” Leon Black talks Epstein,4
Carlyle converts (with a twist) â€” Terrifying toys â€”,4
Trump vs. M&A â€” Beyond Meat goes bad â€” Compass finds big money,4
Merger Monday returns â€” Leon Black ğŸ•’ stop â€” CFIUS stikes again,4
SoftBank makes it official â€” Elon tunnels to the bank â€” Q2 GDP at 2.1%,4
SoftBank sequel â€” Advent buys into Brexit â€” Uber board shakeup,4
Deal dish â€” Camping cash â€” Cracker Barrel's punch bowl,4
Tip talk â€” Apple juices its supply chain â€” The next media mega-merger,4
PE's retail-pocalypse â€” Netflix challenger raises $50 million â€” LP survey says,4
Elizabeth Warren takes on buyouts â€” AB InBev's next move â€” European M&A falls,4
IPO tax delay â€” Diamond dusted VC â€” Stifel launches venture lending unit,4
Ackman gets his own activist â€” Private over-equity â€” DouYu prices low IPO,4
Questions for Peter Thiel â€” Blackstone ends Vungle saga â€” Lee Fixel's new address,4
Thiel takes on Google â€” Budweiser bust â€” Leon's latest,4
Tech vs. telco â€” The next NBA sale â€” VW bets big on self-driving,4
Black's bungle â€” Fracking fight â€” McAfee preps IPO,4
"Private equity leverages itself â€” Flu shot funding â€” ""Doc-lite"" loans",4
Private equity tragedy â€” Public space â€” TED spread,4
VC discrimination â€” WeWork leverage â€” Deutsche Bank scales back,4
Dish to the rescue? â€” Broadcom's next buy â€” Fortress drinks up,4
Dry powdered â€” InBev IPO â€” Abraaj's first guilty plea,4
Musical mess â€” Chip chat â€” Brookfield takes a ride on the railroad,4
Vice Ventures â€” Buying Legoland â€” Startup goes nuclear,4
â PE-backed child detention â€” Hell's term sheet â€” Cereal startup gets funded,4
Trump's Valley consideration â€” Coty & Kylie â€” Detroit's new unicorn,4
The new IPO â€” AbbVie gets Botox â€”  Bitcoin boom,4
Icahn bet pays off â€” Majority steak â€” Pot deals hit record,4
GE Ventures turns out the lights â€” Chewy IPO prices high â€” Jana pressures Callaway Golf,4
CBS' game of thrones â€” Fortnite gets chatty â€” E-scooter consolidation,4
Anti-buy activists â€” CrowdStrike IPO â€” Why KKR wants Axel Springer,4
Private equity's next retail battle â€” Brex goes big â€” Another B&N bidder?,4
21st Century trust-busting â€” Defense mega-merger â€” Salesforce buys Tableau,4
VCs behaving badly â€” Elliott to buy Barnes & Noble â€” Jobs miss,4
"Car merger crash â€” Peloton spins IPO â€” ""Starvation wages""",4
"American ""carnage"" â€” SF powers up â€” SEC files crypto suit",4
Disrupting the disruptors â€” FTD wilts â€” Brexit cuts into European FDI,4
Trump vs. AT&T â€” Blackstone's big warehouse bet â€” SoftBank and Saudi,4
Sprinting off spectrum â€” Uber reports â€” Another Aramark buyout?,4
SoFi stadium â€” KKR goes tabloid â€” Greyhound bus sale,4
Crypto clarity â€” New Naspers listing â€” Flavor Flav's first Pro Rata mention,4
Alibaba's big plans â€” Auto mega-merger â€” SI gets sold,4
New Cold War â€” Hollywood IPO â€” DoorDash does deal,4
Hedgers vs. haters â€” NASCAR gets on track â€” Tariffs take a toll,4
Lyft lawsuit â€” Avon calling â€” Silver Lake snares political pro,4
Trump carries interest â€” No IPO for (the other) Peloton â€” Powell on leveraged lending,4
Robert Smith's surprise â€” Sprint/T-Mobile gets closer â€” Green investing's green shoots,4
Chico's and the LBO man â€” Amazon buys into food delivery â€” Luckin prices high,4
Startups get a stock exchange â€” NestlÃ© finds a buyer â€” WeWork CEO on IPO,4
Uber coat-tails disintegrate â€” WeWork buys buildings â€” CrowdStrike IPO,4
CalPERS chooses a new direction â€” Impossible deal â€” Onex gets its airline,4
Venture capital on edge â€” Sycamore comes low on Chico's â€” Bitcoin's back,4
Chevron throws in the towel â€” Uber IPO approach â€” Schick buys Harrry's,4
Uber's new China problem â€” Big cash for facial recognition â€” Zayo goes private,4
Fed sounds debt alarm â€” Pizza party â€” Cruise-ing into $19 billion,4
PE knocks on your parents' door â€” Occidental raises the stakes â€” It's not just Uber,4
Beyond bonanza â€” Tumblr's tumble â€” April jobs +263k,4
Jammed-up stock structures â€” Apollo converts â€”Tesla recharges fundraising machine,4
All systems go for 2019 â€” Textbook mega-merger â€” Andreessen Horowitz's new haul,4
Deal leakage â€” Chewy bites into IPO â€” UiPath processes massive VC round,4
Uber as Amazon â€” Anadarko talks to Occidental â€” PE-backed CFO optimism,4
Slack files â€” Uber sets terms â€” McGlashan loses millions,4
Dead deal day â€” Uber bell-ringers â€” Deep fake VC,4
Super carry â€” America's Chinese IPO boom â€” Oil patch hesitance,4
Kraft Heinz shake-up â€” Pax puffs big round â€” Sinclair returns to M&A,4
Celebrity VCs â€” Cannabis cleverness â€” Enquiring minds have a new publisher,4
Unicorns take Manhattan â€” Chinese â˜• clash â€” Blackstone switches it up,4
"Lyft driver blues â€” Euro banking frenzy â€” PE's new ""golden"" age",4
Why Uber cares about $120 billion â€” Disney strengthens Hulu hold â€” Hot sauce M&A,4
Private equity rules â€” A trashy deal â€” Antitrusting,4
Inside the Uber numbers â€” Oil patch mega-merger â€” Abraaj arrests,4
"Uber rank â€” ""Blowing up"" VC â€” Lemonade drinks down $300 million",4
Bigger trouble for McGlashan â€” Uber IPO details â€” Undercorns,4
U.S. tech's China problem â€” ğŸ² mega-merger â€” Blackstone's big hire,4
Chuck E. Cheese bites into deal â€” Pinterest sets IPO terms â€” A new Endeavor,4
"Digital unions â€” Peloton, but for weights â€” ""Reasonableness pants""",4
Game over for AAF â€” Affirm deal scoop â€” iâ¤IPO,4
Pop doesn't go the IPO â€” VCs pump cash into Elvie â€” Sand Hill sadness,4
Debt disquiet â€” Lyft shares stall â€” Toasty unicorn,4
Lyftapalooza â€” Dressbarn sale â€” Global M&A declines,4
Silicon Valley Blues â€” Lyft raises IPO stakes â€” Psychedelic funding,4
Bain buys into IT onshoring â€” ACA M&A â€” Casper talks IPO,4
McDonald's gets Dynamic â€” Venture lending shakeup â€” Mo money mo losses,4
Untrustify â€” Why Ben bolted â€” Sycamore adding debt to Staples,4
Turn off the Alight â€” Carbon capturing capital â€” VC starter kits,4
Kushners in Riyadh â€” Lion Air IPO â€” Big money pork rinds,4
Levi Strauss sets IPO stage â€” SoftBank vet launches startup â€” PE launches Inmarsat bid,4
Backstage at Backstage â€” Private equity thrift â€” Goodbye to Alan Krueger,4
Gametime â€” Lyft sets IPO terms â€” Worldpay gets bought (again),4
Tech billionaire regrets â€” Bye bye Bill â€” Blackstone does first Japan deal,4
The next unicorn IPO â€” College bribery â€” Uber's new plan,4
Private equity execs nabbed in bribery scheme â€” African unicorn â€” Brookfield buys Oaktree,4
Theranos doc â€” Train talk â€”Podcast returns with Pete Buttigieg,4
Liz Warren vs. big tech mergers â€” Soccer sale â€” European deal drop,4
SoftBank's next fund â€” Apollo lifts the chassis â€” Onex shake-up,4
Opportunity zoned â€” Insurance mega-merger denied â€” Juul celebration,4
"Trump antitrust â€” ""GDP pothole"" â€” Climate consequence capital",4
Lyft IPO gets into gear â€” Podcast riches â€” Newmont denies Barrick Gold,4
AT&T tops Trump â€” Merck gets chippy â€” John Childs is done,4
"SEC vs. Elon (Part II) â€” No meat, no problem â€” M&A boom",4
Kraft crash â€” Big gold â€” Crypto takeover tanked,4
Rise of the minotaurs â€” Panda Selected eats $50 million â€” Unleveraged buyouts,4
GTCR double dips â€” Giant insect farms â€” Keith Rabois joins Founders Fund,4
Payless goes bust (again) â€” SoftBank's next deal â€” Abu Dhabi diversifies,4
PE arrest in Moscow â€” Navient says no â€” Corporate VC on the rise,4
Amazon vs. NYC â€” Hellman & Friedman returns to Scout24 â€” Economic storm clouds,4
VC boys club â€” Levi's IPO â€” Valentine's Day data,4
Saudi slides â€” Autonomous truck haul â€” J&J pays big for Auris Health,4
Reddit raise â€” Amazon buys Eero â€” Junk bond revival,4
Can kickers â€” SoftBank's latest â€” Morgan Stanley gets into startup stock,4
SoftBank's next act â€” Amazon drives into Aurora â€” Gossamer Bio gets traditional,4
Biggest bank merger in a decade â€” PE math problem â€” Goat in the Footlocker,4
Digital media vs. VCs â€” Slack gets set â€” So. Many. Deals.,4
Activist alternatives â€” Ultimate buyout â€” Carried interest comeback,4
Unicorn bucket challenge â€” World First plays defense â€” AT&T consequences,4
Pax plays for pot â€” Berry bites Apollo â€” How the Qualtrics deal got done,4
â€” Failed infrastructure â€” GameStopped â€” VC funding bonanza,4
Starbucks is the new Bain Capital â€” RigUp raises â€” Kainos Capital in court,4
IPO slow roll â€” MoneyGram tries again â€” Leverage fears,4
"Stuck in the shale â€” Brexit brewers â€” Toys ""R"" Us revival?",4
Stuck on shutdown â€” BridgeBio nets $300 million â€” Wag founders leave VC,4
Analyzing impact â€” Koch backs Desktop Metal â€” Viacom goes over-the-top,4
Funds with friends â€” Elliott's next target â€” Andreessen Horowitz is raising again,4
Fee fixation â€” Rail deal crash â€” What Jack Bogle taught us,4
New antitrust fears â€” Hogwarts unicorns â€” Another PE-backed retail failure,4
DFJ rebrands â€” Fiserv buying First Data â€” Sears gets saved,4
Token takeover â€” Rubrik's big raise â€” IPO shutdown persists,4
PE price inflation â€” Gold diggers â€” Still no IPOs,4
Credit begins to uncrunch â€” BlackRock delivers to Postmates â€” Slack follows Spotify,4
Vinik's return â€” Sears save?  â€” Software startup vs. opioid addition,4
Startup speak â€” SoftBank's new WeWork deal â€” Fixing student debt via VC,4
Apollo the leader â€” Lilly buys Loxo â€” Sears sets its backup plan,4
iScapegoat â€” Silver Lake backs Verily â€” Tons of biotech VC deals,4
"Bristol-Myers buying Celgene â€” CalPERS gets direct â€” Trump's stock ""glitch""",4
August Capital confusion â€” IPOs on hold â€” 2018 M&A hit $4 trillion,4
Media madness â€” Yellen warning â€” Graphcore's big raise,4
Goldman handcuffs â€” Credit crunch â€” Boeing bets big in Brazil,4
VC's ask SEC for more flexibility â€” Animal health M&A â€” Drowning in lev loan outflows,4
TV station consolidation â€” Big sneaker sale â€” LP's lower return expectations,4
Opportunity Zone boost â€” Dell's public comeback â€” Tons of VC deals,4
Direct unicorns â€” Plaid raises $250 million â€” Dell's decision day,4
IPO racers â€” Elon vs. SEC â€” Fintech startup to give customers equity,4
Scooter wars â€” Moderna breaks IPO records â€” Altria goes to pot,4
Debt doubts â€” Lyft files IPO docs â€” Arrest sparks stock rout,4
Done deal undone? â€” Big bra biz â€” $90 million pin drop,4
Sin Inc. â€” Helping vets find jobs â€” Mid-market pricing worries,4
Deal or no deal? â€” SoftBank's next big bet â€” Nexstar gets Tribune Media,4
Facebook and founder control â€” Bayer's headache â€” LP anti-portfolio,4
SoftBank's CFIUS workaround â€” Carlyle's nursing home fail â€” Will the Marlboro Man vape?,4
Eazing into new cash â€” Imran Khan's startup gets funded â€” Farm bankruptcies,4
GM's economic message â€” UTX splits up â€” Big change for First Round Capital,4
Private market fallout â€” Airbnb names CFO  â€” No Plantronics deal for Logitech,4
Saudi case closed â€” AutoDesk buys PlanGrid â€” Amazon vs. PE,4
Toy story resolution â€” Sherpa Capital's next act â€” Crypto crash,4
The next battle for sports betting â€” Meatless meat IPO â€” Volatility is the new normal,4
Bloom boxed â€” BlackBerry buys Cylance â€”Upside of oil rout,4
Uber is the loss leader â€” Levi's preps IPO â€” Private equity's tech boom,4
Amazon's halo â€” Snap subpoena â€” Partisan divide on stock gains,4
"WeWork's new deal â€” ""Tertiary"" PE sales â€” Blackstone circles GE",4
Qualtrics picks SAP over IPO â€” #MeToo due diligence â€” The biggest biotech offering,4
FDA smoke signals â€” Johnson jump-starts battery deal â€” Biz investment slows,4
Trump open to corp tax bump â€” Commodities capital â€” National Grid VC,4
Midterms memoriam â€” SpaceX notes â€” Infrastructure dreams,4
Private equity's bad slice â€” Broadcom closes CA deal â€” Amazon HQ2/3,4
SoftBank on Saudi â€” Qualtrics goes big on IPO â€” Founders-friendly Fund,4
Blackstone vs. rent control â€” Space trash collectors â€” Big wage growth,4
GP vs. LP â€” Apple tunes into iHeart â€” Fortune 500 favors GOP,4
Dimon talks trade â€” Jostens is back in PE play â€” PE earnings misses,4
Bearly breathing â€” The Athletic cashes in â€” Coinbase makes it official,4
Twisty IPO â€” IBM+Red Hat â€” SoftBank salad,4
Tech stock correction â€” StoneCo IPO â€” PE set to overtake hedge funds,4
Automation nation â€” Latest from Saudi â€” Seniors notes,4
No Masa â€” Constellation pours a wine deal â€” Joshua Kushner raises $1 billion,4
Private equity vs. Uruguay â€” Fiat's first post-Sergio deal â€” Qualtrics IPO,4
LendUp split up â€” Active managers unite â€” More Saudi event defections,4
Blackstone sticks with Saudi â€” Silicon Sweden â€” Caesars gets a suitor,4
Saudi saga â€” Devoted deal â€” Uber IPO hype,4
Icahn vs. Dell redux â€” Twilio buys SendGrid â€” From buses to boardrooms,4
Blackstone bails on Saudis â€” Sneaker stuff â€” Defense mega-merger,4
Sorting out Saudi,4
"The ""fake"" Broadcom memo â€” Apple chips â€” Big tobacco goes to pot",4
WeWork's big decision â€” Sears sadness â€” ESG on the rise,4
U.S. VC sets records â€” Microsoft gets into Grab â€” Secondary stuff,4
Saudi's big mystery â€” Arconic goes clubbing â€” Forerunner's next fund,4
Today in Tesla â€” Campbell gets less fresh â€” Yields on the rise,4
Blackstone tries to get healthier â€” KKR's guitar hero â€” Venture forecasting,4
Coinbase valuation volatility â€” Aston Martin IPO â€” The fall of club deals,4
This time it's different? â€” Humvee auction â€” Howard Marks interview,4
"Elon settles down â€” ""Toys"" story â€” China plays in Canadian oil sandbox",4
Tesla tantrum â€” London's big tech IPO â€” Corporate American sexism,4
Everyone unfriends Facebook â€” Unicorn bonanza â€” Aetna gets closer to CVS deal,4
Gig economy equity â€” Wedding merger â€” Apollo's legal headache,4
Vaping could go up in smoke â€” Michael Kors gets Versace â€” CEO optimism flags,4
SiriusXM changes the channelâ€” The price of gold â€” Elanco's big pop,4
Today in Social Capital â€” Adobe buys Marketo â€” Farfetch IPO,4
Cannabis capitalism â€” All Sky sales are final â€” CFOs expect more dividends,4
Tesla tears â€” Scooter sureness â€” Steel blues,4
Saudi lucidity â€” A buggy unicorn â€” Tiger delivers for Postmates,4
Benioff Time â€” Anaplanning an IPO â€” The state of debt,4
Kleiner Perkins split â€” Walmart's next move â€” Financial crisis look-back,4
Take-private takeout â€” Peloton vs. Michael Milken â€” Hershey kisses Pirate's Booty,4
Tesla rival goes IPO â€” Sprint slow-walk â€” Protecting the chocolate,4
The next big chip deal â€” CBS mess â€” LPs vs GPs,4
Exec earthquakes â€” Robot restaurants â€” Volvo IPO no go,4
"Silicon Valley's Icarus story â€” Insider trading ""intentionality"" â€” August jobs +201k",4
Sessions surprise â€” Blackstone comes to market â€” Caffeine perks up investors,4
Never again in Theranos â€” Carlyle's Getty visit â€” Media M&A spike,4
Yield signs â€” 5G M&A â€” IPO pipeline buildup,4
Big trouble in big business â€” Coca-Coffee â€” Today in Social Capital,4
SurveyMonkey IPO â€” TrumpBook â€” WeWork loses a rater,4
Andreessen Horowitz makes a big change â€” Coke's got Moxie â€” Yum China says yuck,4
Sidecar splits â€” Private equity insurance â€” E-sports boom,4
Unplugging Tesla's buyout â€” Buffett's unicorn play â€” GP stake sales,4
More Zoox â€” EventBrite prints IPO ticket â€” Elon adds another advisor,4
GadZoox â€” Saudi Aramco IPO goes dry â€” Equity peak,4
Toys story â€” The newest unicorn â€” Mattress M&A,4
Silicon Valley blame game â€” Slack's big raise â€” Activists take a break,4
SpaceX role in Tesla takeover â€” Literal bubble deal â€” Buyout fund returns,4
D.C. day â€” Elon needs to recharge â€” DoorDash doubles valuation in 5 months,4
"Liz Warren's big plan â€” ""Dead unicorn"" survival â€” Today in Tesla",4
Sinclair's next problem â€” Middle-market mania â€”  Oscar knows its Alphabet,4
Turkish exit â€” ATM M&A â€” Silicon Valley vs. US military,4
Elon explains it all â€” Space race â€” TravelClick visits Spain,4
WeWork could replace Tesla â€” Soupy sale? â€” Local media M&A,4
No deal day â€” Oh Wilbur! â€” SEC has questions for Elon,4
Elonapalooza,4
TPG raises $10 billion â€” Zillow's lending bet â€” SoftBank spike,4
Private equity's political spotlight â€” M&A package â€” Regus ends its auction,4
CBS eye wide shut â€” Peloton spins to $4 billion â€” Studs leaves Blackstone,4
Cisco gets secure â€” Icahn's next big move â€” Capital/Capitol trade wars,4
Toys take D.C. â€” VCs toast avocados â€” Today in Abraaj,4
LegalZooming past $2 billion â€” Bloomdoggle â€” GE's next big sale,4
Venture capital's education â€” McNuggets M&A â€” Energizing the blockchain,4
Qualcomm's $2 billion decision â€” PE â¤'s KFC â€” GDP blowout,4
Qualcomm moves on from NXP â€” Candy crush â€” All eyes on GDP,4
Bloom's silence â€” VCs go to school â€” Trump's latest M&A tweet,4
How trade wars could help M&A â€” Uber Mafia? â€” Paying up for pay-per-mile,4
The next VC cycle â€” Barbarians at Catan â€” Abraaj situation gets even worse,4
WeWork's M&A watch â€” Trade war escalation â€” SoftBank likes your face,4
"Inside ""The Machine"" â€” Wendy's talks pizza â€” WH infra lead heads to PE",4
SoftBank's self-perception â€” Red blood cell IPO â€” Kudlow goes the full Navarro,4
We're doing a podcast â€” Didi's big move â€” Global energy investment dips,4
Northgate loses its CEO â€” Arconic in play â€” Management fee talk,4
How to unwind a mega-merger,4
Comcast's next move â€” Broadcom's new buy â€” The rise of ESG,4
Trade war escalation â€” Fox comes over the top for Sky â€” LBO perks,4
Battle lines drawn in scooter war â€” Poppin' fresh buyout â€” VC deal boom,4
D.C. takes on Toys â€” Sonos streams IPO â€” Sovereign wealth allocations,4
Bonus edition,4
Justice for tech CEO â€” Amazon's post-PillPack plan â€” Backing bot automation armies,4
Bag of Juuls â€” Dell returns to public markets â€” First half farewell,4
New type of hypergrowth â€” Xiaomi's low IPO â€” Amazon crushes pharma stocks,4
Lyft's big hail â€” Amazon buys into pharma â€” Another Abraaj departure,4
Trump punts on investment limits â€” Conagra buying Pinnacle â€” Bank stocks struggle,4
Toy story â€” GE gets even skinnier â€” PE performance,4
IPO boom â€” GE's next sale â€” AT&T is buying AppNexus,4
"Bloom history questions â€” Twitter's ""smytes"" startup â€” Jay-Z's new partner",4
Abraaj finds its buyer â€” E-scooter secrets â€” Pot goes public,4
A different billion dollar club â€” Disney tops Comcast â€” Startup seeks to disrupt lab animal testing,4
Ultimate fighting folly â€” Social Capital shakeup â€” GameStop talks to private equity,4
Theranos truths â€” Google buys into JD â€” Stock growth slows after tax cuts,4
Tariff time â€” Space catapults â€” Ether gets unsecured,4
WeWork's big reveal â€” Comcast comes over the top â€” The latest on Abraaj,4
AT&T ruling sets up M&A mayhem â€” Bloom (finally) files â€” Tom Farley's next act,4
Decision day for AT&T â€” World Cup equities â€” Stryker seeks Boston Scientific,4
"Monday, June 11",4
"Friday, June 8",4
"Thursday, June 7",4
"Wednesday, June 6",4
"Tuesday, June 5",4
"Monday, June 4",4
"Thursday, May 31",4
"Wednesday, May 30",4
"Tuesday, May 29",4
"Friday, May 25",4
"Thursday, May 24",4
"Wednesday, May 23",4
"Tuesday, May 22",4
"Monday, May 21",4
"Friday, May 18",4
"Thursday, May 17",4
"Wednesday, May 16",4
"Tuesday, May 15",4
"Monday, May 14",4
"Friday, May 11",4
"Thursday, May 10",4
"Wednesday, May 9",4
"Monday, May 7",4
"Friday, May 4",4
"Thursday, May 3",4
"Wednesday, May 2",4
"Tuesday, May 1",4
"Monday, April 30",4
"Friday, April 27",4
"Thursday, April 26",4
"Wednesday, April 25",4
"Tuesday, April 24",4
"Monday, April 23",4
"Friday, April 20",4
"Thursday, April 19",4
"Wednesday, April 18",4
"Tuesday, April 17",4
"Monday, April 16",4
"Friday, April 13",4
"Thursday, April 12",4
"Wednesday, April 11",4
"Tuesday, April 10",4
"Monday, April 9",4
"Friday, April 6",4
"Thursday, April 5",4
"Wednesday, April 4",4
"Tuesday, April 3",4
"Monday, April 2",4
"Thursday, March 29",4
